[
    {
        "name": "qajhjd",
        "email": "panditshreyash10@gmail.com",
        "gl": "khqsbhda",
        "gl_name": "akhvsd",
        "gr_gl": "281d",
        "gr_gl_name": "sdfs",
        "amount": "345",
        "submitted_by": "user1"
    },
    {
        "name": "jhahbd",
        "email": "panditshreyash10@gmail.com",
        "gl": "284",
        "gl_name": "sdfs",
        "gr_gl": "323",
        "gr_gl_name": "sfs",
        "amount": "344",
        "submitted_by": "user1"
    }
]